INSERT INTO "group" (description, "key", name, status, version) VALUES
  (
    'Actions and commands available in the embedded macOS terminal panel for executing shell operations.',
    '#TERMINAL_WINDOW',
    'Terminal Window',
    true,
    1
  ),
  (
    'Actions and commands related to the sidebar file explorer for browsing and managing project directories.',
    '#DIRECTORY_WINDOW',
    'Directory Window',
    true,
    1
  ),
  (
    'Actions and commands related to the code editor panel for editing source files, navigation, and syntax operations.',
    '#EDITOR_WINDOW',
    'Editor Window',
    true,
    1
  );

INSERT INTO function (id, description, key, name, status, version, group_id) VALUES
    (
     1,
     'Execute a shell command in the embedded terminal, optionally generated by AI based on description.',
     '#TERMINAL_COMMAND',
     'Execute Terminal Command',
     true,
     1,
     1
    ),
    (
     2,
     'Send an empty Enter key in the terminal panel to advance or clear prompts.',
     '#TERMINAL_EMPTY_ENTER',
     'Terminal Empty Enter',
     true,
     1,
     1
    ),
    (
     3,
     'Create a new file at the project root with specified filename.',
     '#NEW_FILE_ROOT',
     'New File in Root',
     true,
     1,
     2
    ),
    (
     4,
     'Create a new folder at the project root with specified folder name.',
     '#NEW_FOLDER_ROOT',
     'New Folder in Root',
     true,
     1,
     2
    ),
    (
     5,
     'Open a folder by name in the sidebar file explorer.',
     '#OPEN_FOLDER',
     'Open Folder',
     true,
     1,
     2
    ),
    (
     6,
     'Open a file by name in the code editor panel.',
     '#OPEN_FILE',
     'Open File',
     true,
     1,
     2
    ),
    (
     7,
     'Move the editor cursor to the specified line number.',
     '#MOVE_CURSOR_TO_LINE',
     'Move Cursor to Line',
     true,
     1,
     3
    ),
    (
     8,
     'Select the entire content of the specified line number.',
     '#SELECT_LINE',
     'Select Entire Line',
     true,
     1,
     3
    ),
    (
     9,
     'Select all lines from start to end line numbers in the editor.',
     '#SELECT_LINE_RANGE',
     'Select Line Range',
     true,
     1,
     3
    ),
    (
     10,
     'Insert code at the specified line, generating content via AI from description and language.',
     '#INSERT_CODE',
     'Insert Code',
     true,
     1,
     3
    ),
    (
     11,
     'Delete the line at the specified line number in the editor.',
     '#DELETE_LINE',
     'Delete Line',
     true,
     1,
     3
    );

-- Parámetros de entrada
INSERT INTO param_request (description, key, required, status, version, function_id) VALUES
    ('Name of the file to create in the project root.', '#FILE_NAME', true, true, 1, 3),
    ('Name of the new folder to create at the project root.', '#FOLDER_NAME', true, true, 1, 4),
    ('Name of the folder to open in the sidebar explorer.', '#FOLDER_NAME', true, true, 1, 5),
    ('Name of the file to open in the code editor.', '#FILE_NAME', true, true, 1, 6),
    ('Target line number for cursor positioning.', '#LINE_NUMBER', true, true, 1, 7),
    ('Line number to select in the editor.', '#LINE_NUMBER', true, true, 1, 8),
    ('Starting line number for range selection.', '#START_LINE', true, true, 1, 9),
    ('Ending line number for range selection.', '#END_LINE', true, true, 1, 9),
    ('Line number at which to insert code.', '#LINE_NUMBER', true, true, 1, 10),
    ('Description of code to generate and insert.', '#CODE_DESCRIPTION', true, true, 1, 10),
    ('Programming language for code generation.', '#LANGUAGE', true, true, 1, 10),
    ('Line number of the line to delete.', '#LINE_NUMBER', true, true, 1, 11);

-- Parámetros de salida
INSERT INTO param_response (data_type, description, key, required, status, version, function_id) VALUES
    ('text',    'Executed shell command generated for terminal action.',       '#COMMAND',               true, true, 1, 1),
    ('varchar', 'Name of the newly created file in the project root.',        '#CREATED_FILE_NAME',     true, true, 1, 3),
    ('varchar', 'Name of the newly created folder at the project root.',      '#CREATED_FOLDER_NAME',   true, true, 1, 4),
    ('varchar', 'Name of the folder opened in the directory panel.',          '#OPENED_FOLDER_NAME',    true, true, 1, 5),
    ('varchar', 'Name of the file opened in the code editor.',                '#OPENED_FILE_NAME',      true, true, 1, 6),
    ('integer', 'Line number where the cursor is positioned.',                '#LINE_NUMBER',           true, true, 1, 7),
    ('integer', 'Line number that has been selected.',                        '#LINE_NUMBER',           true, true, 1, 8),
    ('integer', 'Starting line number of the selected range.',                '#START_LINE',            true, true, 1, 9),
    ('integer', 'Ending line number of the selected range.',                  '#END_LINE',              true, true, 1, 9),
    ('integer', 'Line number where code was inserted.',                       '#LINE_NUMBER',           true, true, 1, 10),
    ('text',    'Code inserted at the specified line, generated by AI.',      '#GENERATED_CODE',        true, true, 1, 10),
    ('integer', 'Line number of the deleted line.',                           '#LINE_NUMBER',           true, true, 1, 11);
